Name,Team
CeeDee Lamb,DAL
Tyreek Hill,MIA
Christian McCaffrey,SF
Justin Jefferson,MIN
JaMarr Chase,CIN
AmonRa St Brown,DET
Breece Hall,NYJ
AJ Brown,PHI
Bijan Robinson,ATL
Garrett Wilson,NYJ
Jonathan Taylor,IND
Puka Nacua,LAR
Saquon Barkley,PHI
Derrick Henry,BAL
Deebo Samuel Sr,SF
Jahmyr Gibbs,DET
Josh Allen,BUF
Mike Evans,TB
Marvin Harrison Jr,ARI
Kyren Williams,LAR
Nico Collins,HOU
Drake London,ATL
Brandon Aiyuk,SF
Jalen Hurts,PHI
Travis Etienne Jr,JAC
Chris Olave,NO
Patrick Mahomes II,KC
DK Metcalf,SEA
Davante Adams,DET
Sam LaPorta,LV
Jaylen Waddle,MIA
Isiah Pacheco,KC
Cooper Kupp,LAR
Lamar Jackson,BAL
Travis Kelce,KC
DJ Moore,CHI
Josh Jacobs,GB
DeVon Achane,MIA
Kenneth Walker III,SEA
DeVonta Smith,PHI
Amari Cooper,CLE
Malik Nabers,NYG
Tee Higgins,CIN
George Pickens,PIT
Joe Mixon,HOU
James Cook,BUF
Mark Andrews,BAL
CJ Stroud,HOU
Tank Dell,HOU
Anthony Richardson,IND
Rachaad White,TB
Rashee Rice,KC
Kyler Murray,ARI
Stefon Diggs,HOU
David Montgomery,DET
Michael Pittman Jr,IND
Terry McLaurin,WAS
Zay Flowers,BAL
James Conner,ARI
Joe Burrow,CIN
Trey McBride,ARI
Alvin Kamara,NO
Dak Prescott,DAL
Jordan Love,GB
Najee Harris,PIT
Calvin Ridley,TEN
Aaron Jones,MIN
Raheem Mostert,MIA
Christian Kirk,JAC
George Kittle,NE
Rhamondre Stevenson,SF
Chris Godwin,TB
Diontae Johnson,CAR
Kyle Pitts,ATL
DAndre Swift,CHI
Dalton Kincaid,BUF
Zamir White,LV
Tony Pollard,WAS
Jayden Daniels,TEN
Jayden Reed,DEN
Javonte Williams,GB
Brock Purdy,SF
Brian Robinson Jr,WAS
Christian Watson,GB
Devin Singletary,CHI
Keenan Allen,NYG
Xavier Worthy,KC
Caleb Williams,CHI
Tua Tagovailoa,MIA
Jake Ferguson,DAL
Jared Goff,DET
Trevor Lawrence,JAC
DeAndre Hopkins,TEN
Evan Engram,JAC
David Njoku,CLE
Rome Odunze,CHI
Zack Moss,CIN
Courtland Sutton,DEN
Jaylen Warren,PIT
Jaxon Smith-Njigba,SEA
Brian Thomas Jr,JAC
Gus Edwards,LAC
Brock Bowers,LV
Jameson Williams,DET
Tyjae Spears,TEN
Dallas Goedert,PHI
Jerome Ford,CIN
Chase Brown,CLE
Kirk Cousins,ATL
Justin Herbert,LAC
Marquise Brown,KC
Jordan Addison,MIN
Matthew Stafford,LAR
Jonathon Brooks,CAR
Ladd McConkey,LAC
Pat Freiermuth,PIT
Dalton Schultz,HOU
Austin Ekeler,WAS
Keon Coleman,BUF
Blake Corum,LAR
Aaron Rodgers,NYJ
Taysom Hill,NO
Chuba Hubbard,CAR
Ezekiel Elliott,DAL
Joshua Palmer,LAC
Rashid Shaheed,NO
Romeo Doubs,GB
Geno Smith,SEA
Nick Chubb,DAL
Rico Dowdle,CLE
Khalil Shakir,BUF
Jakobi Meyers,LV
Deshaun Watson,CLE
Tyler Lockett,SEA
Trey Benson,ARI
Baker Mayfield,TB
Brandin Cooks,DAL
Ty Chandler,MIN
JK Dobbins,NYJ
Mike Williams,LAC
Zach Charbonnet,SEA
Curtis Samuel,BUF
Tyler Allgeier,ATL
Will Levis,TEN
Gabe Davis,JAC
Jaleel McLaughlin,DEN
Luke Musgrave,GB
Jerry Jeudy,CLE
Hunter Henry,NE
TJ Hockenson,MIN
Cole Kmet,GB
Dontayvion Wicks,CHI
Antonio Gibson,NE
Darnell Mooney,ATL
Ray Davis,BUF
MarShawn Lloyd,GB
Khalil Herbert,CHI
Tyler Conklin,NYJ
Baltimore Ravens,BAL
Josh Downs,IND
Adonai Mitchell,IND
Jaylen Wright,MIA
Daniel Jones,NYG
Adam Thielen,CAR
JaLynn Polk,NE
New York Jets,NYJ
DeMario Douglas,NE
San Francisco 49ers,SF
Michael Wilson,ARI
Bucky Irving,TB
Derek Carr,NO
Bryce Young,CAR
Dallas Cowboys,DAL
Cleveland Browns,CLE
Cade Otton,TB
Sam Darnold,MIN
Juwan Johnson,NO
Rashod Bateman,BAL
Isaiah Likely,BAL
Braelon Allen,NYJ
Jordan Mason,PIT
Pittsburgh Steelers,SF
Kansas City Chiefs,KC
Noah Fant,SEA
Bo Nix,DEN
Xavier Legette,CAR
Justin Tucker,BAL
WanDale Robinson,NYG
Marvin Mims Jr,DEN
Roschon Johnson,CHI
Brandon Aubrey,DAL
Demarcus Robinson,BUF
Buffalo Bills,LAR
Harrison Butker,KC
Houston Texans,HOU
Philadelphia Eagles,PHI
Jahan Dotson,PHI
Jason Sanders,NO
New Orleans Saints,MIA
Miami Dolphins,MIA
Kaimi Fairbairn,HOU
Tank Bigsby,JAC
Chicago Bears,CHI
Alexander Mattison,LV
Jake Elliott,PHI
Kimani Vidal,LAC
Jake Moody,SF
Chig Okonkwo,TEN
Younghoe Koo,ATL
Russell Wilson,PIT
Tyler Bass,BUF
Tyrone Tracy Jr,NYG
Quentin Johnston,LAC
Evan McPherson,CIN
Audric Estime,DEN
Jalen McMillan,TB
Justice Hill,BAL
Darius Slayton,NYG
Dameon Pierce,HOU
Jermaine Burton,CIN
Andrei Iosivas,CIN
Tyler Boyd,TEN
Kendre Miller,NO
Mike Gesicki,CIN
Indianapolis Colts,IND
Tucker Kraft,GB
Ben Sinnott,NYG
Jalin Hyatt,WAS
Jonnu Smith,MIA
Samaje Perine,KC
Elijah Moore,CLE
Matt Gay,IND
Jamaal Williams,NO
Roman Wilson,PIT
Kenneth Gainwell,PHI
Detroit Lions,DET
Cameron Dicker,LAC
DJ Chark Jr,LAC
Ricky Pearsall,SF
Drake Maye,NE
Greg Dortch,ARI
Malachi Corley,NYJ
Miles Sanders,CAR
Cairo Santos,CHI
Will Shipley,CLE
DOnta Foreman,PHI
Michael Mayer,LV
Zach Ertz,WAS
Keaton Mitchell,BAL
Troy Franklin,DEN
Gardner Minshew II,LV
Dustin Hopkins,CLE
Josh Reynolds,DEN
Trey Sermon,IND
Luke McCaffrey,WAS
Justin Fields,PIT
Jalen Tolbert,DAL
Kendrick Bourne,NE
Dawson Knox,BUF
Jason Myers,SEA
Dylan Laube,LV
Cincinnati Bengals,NE
Javon Baker,CIN
Greg Dulcich,DEN
Clyde Edwards Helaire,KC
JaTavion Sanders,CAR
Cam Akers,HOU
Jacksonville Jaguars,JAC
AT Perry,CHI
Gerald Everett,FA
Greg Zuerlein,NYJ
Odell Beckham Jr,MIA
Treylon Burks,TEN
Jonathan Mingo,CAR
Colby Parkinson,LAR
Minnesota Vikings,MIN
Eric Gray,NYG
Daniel Carlson,LV
Alec Pierce,IND
Green Bay Packers,GB
Pierre Strong Jr,CLE
KJ Osborn,PIT
Cordarrelle Patterson,NE
Zay Jones,ARI
Isaac Guerendo,SF
Jacoby Brissett,NE
Noah Brown,WAS
Cedric Tillman,CLE
Dalvin Cook,DAL
Trey Palmer,TB
Devontez Walker,LV
Las Vegas Raiders,BAL
Theo Johnson,NYG
Deuce Vaughn,DAL
DErnest Johnson,JAC
Aidan OConnell,LV
Blake Grupe,NO
Carson Steele,KC
Jeff Wilson Jr,MIA
Brenden Rice,LAC
Hayden Hurst,LAC
Emari Demercado,ARI
Israel Abanikanda,NYJ
Denver Broncos,DEN
Jacob Cowing,SF
Kalif Raymond,WAS
Dyami Brown,DET
Tyler Higbee,LAR
Tre Tucker,WAS
Chris Rodriguez Jr,LV
Evan Hull,IND
Ronnie Rivers,MIA
Malik Washington,LAR
Kylen Granson,IND
Emanuel Wilson,GB
Tutu Atwell,NYG
Daniel Bellinger,LAR
Tyler Scott,CHI
Rasheen Ali,BAL
Van Jefferson,ARI
Michael Carter,PIT
Robert Woods,HOU
Ty Johnson,BUF
New England Patriots,NE
Jauan Jennings,SF
Jordan Whittington,LAR
Allen Lazard,NYJ
Jake Bates,DET
Nelson Agholor,MIN
Will Dissly,BAL
Jalen Nailor,LAC
Michael Penix Jr,ATL
Ray Ray McCloud III,KC
Kareem Hunt,ATL
Calvin Austin III,PIT
Tampa Bay Buccaneers,TB
Tim Patrick,DET
Marquez ValdesScantling,BUF
Kadarius Toney,CLE
Isaiah Spiller,FA
Seattle Seahawks,DET
Craig Reynolds,SEA
Atlanta Falcons,ATL
Isaiah Davis,NYJ
Jerick McKinnon,FA
Xavier Gipson,NYJ
Noah Gray,KC
Bo Melton,GB
Sam Howell,SEA
Deneric Prince,MIA